{"farPlane": 3540.397275830489, "nearPlane": 87.22496497325814, "eyePosition": [144.72464561462402, 202.06633377075195, 1847.5843848571596], "targetPosition": [144.72464561462402, 202.06633377075195, 103.08508539199829], "upVector": [0.0, 1.0, 0.0]}